angry0,box0,disgust0,fear0,happy0,neutral0,sad0,surprise0
0.0,"[498, 177, 265, 347]",0.0,0.0,0.0,0.99,0.0,0.0
0.0,"[499, 182, 256, 334]",0.0,0.0,0.0,0.99,0.01,0.0
0.0,"[499, 184, 258, 335]",0.0,0.0,0.0,0.98,0.01,0.0
0.0,"[496, 179, 259, 338]",0.0,0.0,0.0,0.99,0.0,0.0
0.01,"[487, 169, 257, 343]",0.0,0.0,0.0,0.99,0.01,0.0
0.01,"[490, 176, 266, 346]",0.0,0.0,0.01,0.96,0.01,0.0
0.0,"[489, 172, 277, 358]",0.0,0.0,0.0,0.98,0.01,0.0
0.0,"[490, 194, 255, 332]",0.0,0.0,0.01,0.97,0.02,0.0
0.01,"[490, 208, 249, 325]",0.0,0.01,0.0,0.75,0.23,0.0
0.01,"[492, 203, 253, 333]",0.0,0.0,0.0,0.97,0.02,0.0
0.01,"[494, 200, 255, 332]",0.0,0.0,0.02,0.94,0.02,0.0
0.01,"[498, 189, 263, 344]",0.0,0.0,0.0,0.97,0.02,0.0
0.01,"[496, 201, 258, 332]",0.0,0.0,0.0,0.96,0.03,0.0
0.02,"[498, 195, 262, 343]",0.0,0.0,0.0,0.93,0.05,0.0
0.0,"[494, 182, 268, 353]",0.0,0.0,0.0,0.99,0.0,0.0
0.0,"[496, 183, 269, 352]",0.0,0.0,0.0,0.98,0.02,0.0
0.01,"[512, 156, 309, 404]",0.0,0.0,0.0,0.98,0.01,0.0
0.01,"[480, 153, 325, 427]",0.0,0.0,0.01,0.97,0.01,0.0
0.02,"[442, 207, 265, 354]",0.0,0.0,0.01,0.94,0.03,0.0
0.04,"[432, 272, 247, 322]",0.0,0.01,0.0,0.83,0.12,0.0
0.05,"[455, 286, 244, 317]",0.01,0.01,0.0,0.89,0.05,0.0
0.02,"[483, 263, 254, 338]",0.0,0.0,0.01,0.94,0.03,0.0
0.02,"[506, 296, 262, 342]",0.0,0.0,0.01,0.93,0.04,0.0
0.04,"[507, 305, 258, 334]",0.0,0.01,0.01,0.86,0.07,0.0
0.04,"[488, 295, 271, 359]",0.0,0.0,0.05,0.88,0.03,0.0
0.01,"[475, 285, 272, 359]",0.0,0.0,0.0,0.94,0.04,0.0
0.02,"[466, 288, 269, 355]",0.0,0.0,0.0,0.9,0.07,0.0
0.02,"[480, 283, 268, 355]",0.0,0.0,0.0,0.96,0.02,0.0
0.03,"[490, 277, 265, 355]",0.0,0.0,0.0,0.92,0.04,0.0
0.02,"[487, 282, 270, 350]",0.0,0.01,0.0,0.76,0.22,0.0
0.02,"[491, 277, 271, 357]",0.0,0.0,0.01,0.96,0.02,0.0
0.02,"[472, 285, 268, 345]",0.0,0.02,0.01,0.73,0.22,0.0
0.04,"[472, 288, 255, 333]",0.0,0.01,0.02,0.87,0.06,0.01
0.04,"[493, 311, 244, 321]",0.0,0.01,0.01,0.84,0.09,0.0
0.03,"[505, 315, 242, 314]",0.0,0.01,0.01,0.9,0.05,0.01
0.03,"[509, 308, 249, 313]",0.0,0.01,0.01,0.89,0.06,0.01
0.02,"[495, 297, 263, 342]",0.0,0.0,0.03,0.92,0.02,0.0
0.04,"[486, 296, 263, 344]",0.0,0.0,0.01,0.89,0.04,0.0
0.05,"[478, 291, 261, 345]",0.0,0.0,0.0,0.89,0.05,0.0
0.01,"[492, 302, 253, 326]",0.0,0.0,0.0,0.91,0.07,0.0
0.01,"[497, 298, 253, 327]",0.0,0.0,0.0,0.91,0.06,0.0
0.03,"[489, 293, 257, 334]",0.0,0.0,0.0,0.92,0.05,0.0
0.02,"[489, 290, 259, 341]",0.0,0.0,0.0,0.93,0.05,0.0
0.04,"[485, 289, 256, 340]",0.0,0.0,0.0,0.91,0.05,0.0
0.03,"[484, 290, 258, 345]",0.0,0.0,0.0,0.92,0.04,0.0
0.02,"[486, 299, 260, 339]",0.0,0.01,0.0,0.89,0.08,0.0
0.0,"[483, 293, 262, 340]",0.0,0.0,0.0,0.99,0.01,0.0
0.01,"[481, 298, 269, 343]",0.0,0.0,0.01,0.96,0.02,0.0
0.01,"[473, 297, 265, 342]",0.0,0.0,0.01,0.97,0.02,0.0
0.02,"[457, 305, 265, 325]",0.0,0.01,0.0,0.93,0.03,0.0
0.05,"[457, 300, 272, 349]",0.0,0.0,0.0,0.92,0.03,0.0
0.01,"[466, 302, 262, 333]",0.0,0.0,0.0,0.95,0.03,0.0
0.01,"[478, 301, 254, 324]",0.0,0.0,0.0,0.97,0.02,0.0
0.04,"[475, 296, 271, 345]",0.0,0.0,0.0,0.92,0.03,0.0
0.07,"[488, 282, 261, 346]",0.0,0.02,0.0,0.88,0.02,0.01
0.02,"[488, 305, 252, 317]",0.0,0.01,0.0,0.93,0.03,0.0
0.01,"[483, 303, 259, 332]",0.0,0.0,0.0,0.96,0.02,0.0
0.01,"[483, 297, 268, 342]",0.0,0.0,0.0,0.95,0.03,0.0
0.02,"[484, 296, 268, 348]",0.0,0.0,0.0,0.94,0.03,0.0
0.03,"[482, 294, 270, 357]",0.0,0.01,0.0,0.91,0.05,0.0
0.03,"[471, 297, 275, 360]",0.0,0.0,0.0,0.93,0.03,0.0
0.02,"[463, 297, 276, 357]",0.0,0.01,0.02,0.9,0.04,0.01
0.04,"[454, 306, 276, 342]",0.0,0.05,0.01,0.61,0.29,0.0
0.0,"[468, 309, 271, 332]",0.0,0.0,0.0,0.99,0.0,0.0
0.02,"[481, 298, 272, 343]",0.0,0.0,0.0,0.97,0.01,0.0
0.03,"[489, 298, 269, 353]",0.0,0.01,0.0,0.92,0.05,0.0
0.02,"[483, 296, 274, 351]",0.0,0.01,0.0,0.95,0.02,0.0
0.03,"[481, 298, 269, 344]",0.0,0.01,0.0,0.92,0.04,0.0
0.04,"[493, 299, 263, 347]",0.0,0.0,0.0,0.94,0.02,0.0
0.03,"[510, 299, 269, 347]",0.0,0.01,0.0,0.93,0.03,0.0
0.01,"[513, 299, 266, 347]",0.0,0.0,0.0,0.95,0.03,0.0
0.02,"[499, 300, 263, 349]",0.0,0.0,0.0,0.95,0.02,0.0
0.02,"[492, 299, 265, 346]",0.0,0.0,0.0,0.95,0.03,0.0
0.02,"[502, 296, 264, 352]",0.0,0.0,0.0,0.94,0.03,0.0
0.01,"[509, 310, 264, 332]",0.0,0.02,0.0,0.67,0.29,0.0
0.01,"[513, 295, 262, 342]",0.0,0.0,0.0,0.97,0.02,0.0
0.01,"[528, 298, 261, 341]",0.0,0.0,0.01,0.9,0.07,0.0
0.01,"[525, 289, 268, 354]",0.0,0.0,0.02,0.94,0.02,0.0
0.0,"[530, 294, 263, 342]",0.0,0.0,0.01,0.97,0.02,0.0
0.02,"[524, 292, 264, 346]",0.0,0.01,0.03,0.92,0.03,0.0
0.08,"[513, 283, 261, 356]",0.0,0.01,0.01,0.83,0.06,0.0
0.06,"[499, 300, 250, 326]",0.0,0.01,0.03,0.86,0.05,0.0
0.02,"[483, 290, 263, 343]",0.0,0.01,0.01,0.93,0.03,0.0
0.09,"[481, 302, 259, 331]",0.0,0.02,0.01,0.81,0.07,0.01
0.06,"[471, 307, 262, 337]",0.0,0.02,0.01,0.85,0.05,0.01
0.06,"[479, 314, 254, 325]",0.0,0.01,0.01,0.86,0.05,0.0
0.04,"[481, 314, 262, 324]",0.0,0.01,0.0,0.91,0.04,0.0
0.02,"[481, 302, 269, 334]",0.0,0.0,0.0,0.95,0.02,0.0
0.02,"[481, 308, 265, 330]",0.0,0.01,0.01,0.94,0.02,0.0
0.05,"[491, 298, 258, 331]",0.0,0.0,0.0,0.92,0.02,0.01
0.02,"[496, 295, 265, 339]",0.0,0.0,0.0,0.94,0.03,0.0
0.04,"[495, 307, 260, 332]",0.0,0.03,0.0,0.69,0.23,0.0
0.05,"[491, 299, 266, 337]",0.0,0.01,0.0,0.84,0.09,0.01
0.05,"[478, 305, 275, 345]",0.0,0.01,0.0,0.87,0.07,0.0
0.02,"[479, 312, 259, 328]",0.0,0.02,0.0,0.7,0.26,0.0
0.0,"[480, 300, 266, 334]",0.0,0.0,0.0,0.99,0.0,0.0
0.0,"[489, 298, 262, 339]",0.0,0.0,0.0,0.99,0.0,0.0
0.05,"[499, 297, 258, 343]",0.0,0.01,0.01,0.85,0.08,0.01
0.04,"[503, 289, 266, 357]",0.0,0.01,0.01,0.85,0.09,0.0
0.04,"[502, 290, 266, 353]",0.01,0.01,0.0,0.89,0.06,0.0
0.05,"[503, 295, 265, 350]",0.0,0.01,0.0,0.83,0.1,0.0
0.03,"[505, 304, 264, 338]",0.01,0.01,0.01,0.88,0.07,0.0
0.04,"[505, 302, 265, 344]",0.0,0.01,0.0,0.83,0.1,0.0
0.02,"[510, 310, 266, 339]",0.0,0.0,0.0,0.92,0.05,0.0
0.01,"[505, 309, 268, 351]",0.0,0.0,0.0,0.94,0.04,0.0
0.02,"[513, 302, 267, 349]",0.0,0.0,0.0,0.96,0.02,0.0
0.03,"[517, 306, 264, 346]",0.0,0.01,0.0,0.77,0.18,0.0
0.07,"[516, 304, 266, 347]",0.0,0.02,0.0,0.81,0.09,0.0
0.02,"[505, 311, 269, 348]",0.0,0.0,0.0,0.88,0.08,0.0
0.03,"[504, 310, 265, 348]",0.0,0.0,0.0,0.92,0.05,0.0
0.02,"[510, 306, 265, 347]",0.0,0.01,0.0,0.92,0.05,0.0
0.03,"[498, 314, 262, 340]",0.0,0.0,0.0,0.92,0.04,0.0
0.04,"[499, 311, 261, 343]",0.0,0.01,0.0,0.76,0.19,0.0
0.02,"[508, 300, 268, 347]",0.0,0.0,0.0,0.95,0.02,0.0
0.02,"[508, 303, 267, 347]",0.0,0.01,0.01,0.73,0.23,0.0
0.07,"[509, 304, 267, 345]",0.0,0.01,0.01,0.84,0.07,0.0
0.02,"[505, 306, 268, 347]",0.0,0.0,0.01,0.93,0.03,0.0
0.01,"[515, 301, 263, 342]",0.0,0.0,0.01,0.95,0.03,0.0
0.01,"[517, 296, 268, 348]",0.0,0.0,0.0,0.96,0.02,0.0
0.02,"[509, 292, 271, 357]",0.0,0.0,0.02,0.93,0.03,0.0
0.03,"[515, 299, 263, 343]",0.0,0.01,0.01,0.81,0.14,0.0
0.01,"[519, 306, 259, 342]",0.0,0.01,0.03,0.89,0.06,0.0
0.02,"[504, 306, 267, 350]",0.0,0.03,0.01,0.6,0.33,0.0
0.05,"[502, 297, 268, 355]",0.0,0.0,0.01,0.89,0.04,0.0
0.01,"[499, 302, 262, 346]",0.0,0.0,0.0,0.95,0.03,0.0
0.05,"[496, 308, 262, 346]",0.0,0.0,0.0,0.91,0.04,0.0
0.06,"[494, 295, 275, 359]",0.0,0.0,0.0,0.87,0.07,0.0
0.05,"[490, 305, 262, 346]",0.0,0.01,0.0,0.84,0.08,0.01
0.05,"[488, 304, 262, 348]",0.0,0.01,0.0,0.87,0.06,0.0
0.01,"[504, 298, 265, 342]",0.0,0.0,0.0,0.98,0.01,0.0
0.02,"[506, 302, 271, 346]",0.0,0.0,0.01,0.93,0.04,0.0
0.01,"[504, 307, 270, 350]",0.0,0.01,0.01,0.73,0.25,0.0
0.02,"[518, 304, 267, 349]",0.0,0.01,0.06,0.79,0.11,0.0
0.01,"[516, 304, 267, 348]",0.0,0.0,0.02,0.92,0.05,0.0
0.01,"[510, 307, 270, 351]",0.0,0.0,0.0,0.95,0.04,0.0
0.03,"[515, 307, 263, 339]",0.0,0.02,0.01,0.89,0.05,0.0
0.02,"[514, 300, 259, 332]",0.0,0.0,0.0,0.93,0.04,0.0
0.03,"[513, 295, 258, 341]",0.0,0.01,0.02,0.87,0.06,0.0
0.03,"[515, 297, 261, 341]",0.0,0.01,0.01,0.87,0.08,0.0
0.02,"[508, 305, 263, 328]",0.01,0.02,0.01,0.64,0.3,0.0
0.03,"[494, 292, 262, 343]",0.0,0.0,0.0,0.9,0.06,0.0
0.01,"[494, 285, 274, 356]",0.0,0.0,0.01,0.95,0.03,0.0
0.03,"[457, 240, 298, 391]",0.0,0.01,0.01,0.87,0.08,0.0
0.1,"[386, 158, 317, 420]",0.0,0.06,0.01,0.62,0.15,0.06
0.2,"[276, 9, 375, 486]",0.01,0.13,0.05,0.42,0.06,0.13
0.07,"[403, 102, 304, 409]",0.01,0.11,0.12,0.33,0.11,0.24
0.06,"[483, 245, 234, 302]",0.0,0.04,0.02,0.77,0.1,0.01
0.05,"[528, 307, 212, 266]",0.0,0.02,0.0,0.83,0.1,0.0
0.03,"[530, 313, 220, 265]",0.0,0.02,0.0,0.85,0.09,0.0
0.02,"[518, 295, 245, 309]",0.01,0.01,0.01,0.78,0.16,0.0
0.04,"[512, 304, 245, 313]",0.0,0.01,0.0,0.87,0.08,0.0
0.06,"[519, 290, 240, 320]",0.0,0.04,0.0,0.85,0.05,0.0
0.06,"[520, 288, 244, 325]",0.01,0.04,0.0,0.83,0.06,0.01
0.06,"[521, 292, 243, 322]",0.0,0.1,0.0,0.76,0.07,0.01
0.06,"[516, 292, 244, 318]",0.0,0.01,0.0,0.88,0.04,0.0
0.09,"[513, 330, 239, 300]",0.0,0.02,0.0,0.67,0.21,0.0
0.03,"[512, 300, 240, 312]",0.0,0.01,0.0,0.9,0.06,0.0
0.03,"[517, 293, 244, 324]",0.01,0.01,0.0,0.91,0.03,0.01
0.05,"[519, 291, 245, 322]",0.01,0.06,0.05,0.76,0.06,0.01
0.07,"[511, 291, 252, 328]",0.01,0.01,0.0,0.88,0.03,0.0
0.05,"[510, 289, 245, 322]",0.01,0.02,0.01,0.86,0.06,0.0
0.05,"[505, 287, 244, 328]",0.0,0.05,0.0,0.79,0.06,0.05
0.02,"[505, 286, 244, 331]",0.0,0.02,0.01,0.93,0.02,0.01
0.02,"[509, 289, 247, 325]",0.0,0.01,0.0,0.93,0.03,0.0
0.04,"[511, 301, 242, 312]",0.0,0.0,0.01,0.9,0.05,0.0
0.01,"[507, 302, 244, 315]",0.0,0.01,0.01,0.87,0.11,0.0
0.01,"[504, 305, 243, 312]",0.0,0.0,0.01,0.86,0.11,0.0
0.06,"[507, 302, 244, 319]",0.0,0.02,0.02,0.83,0.07,0.0
0.01,"[507, 304, 246, 311]",0.0,0.01,0.01,0.78,0.18,0.0
0.02,"[510, 286, 249, 333]",0.0,0.01,0.03,0.91,0.01,0.02
0.01,"[510, 283, 253, 337]",0.0,0.01,0.0,0.96,0.01,0.0
0.01,"[508, 293, 247, 324]",0.0,0.01,0.0,0.97,0.01,0.0
0.01,"[504, 305, 244, 312]",0.0,0.02,0.0,0.69,0.28,0.0
0.03,"[505, 303, 244, 318]",0.0,0.01,0.01,0.87,0.07,0.0
0.01,"[503, 301, 247, 323]",0.0,0.01,0.0,0.85,0.12,0.0
0.01,"[507, 300, 243, 316]",0.0,0.0,0.0,0.97,0.01,0.0
0.01,"[503, 293, 248, 326]",0.0,0.0,0.0,0.96,0.02,0.0
0.05,"[501, 294, 248, 328]",0.01,0.0,0.0,0.9,0.03,0.0
0.06,"[499, 284, 250, 331]",0.01,0.0,0.0,0.91,0.02,0.0
0.12,"[502, 285, 248, 330]",0.0,0.05,0.0,0.75,0.06,0.01
0.03,"[501, 297, 248, 320]",0.0,0.01,0.01,0.86,0.1,0.0
0.03,"[501, 294, 245, 320]",0.01,0.0,0.0,0.92,0.03,0.0
0.04,"[498, 293, 241, 320]",0.0,0.02,0.0,0.9,0.03,0.01
0.01,"[489, 292, 242, 321]",0.0,0.0,0.0,0.98,0.01,0.0
0.04,"[484, 284, 250, 334]",0.0,0.01,0.0,0.91,0.04,0.0
0.1,"[493, 289, 248, 328]",0.02,0.04,0.01,0.77,0.05,0.02
0.04,"[496, 293, 248, 322]",0.01,0.0,0.0,0.92,0.02,0.0
0.07,"[505, 288, 246, 327]",0.01,0.12,0.01,0.69,0.05,0.05
0.05,"[503, 290, 246, 323]",0.0,0.02,0.0,0.88,0.05,0.0
0.04,"[499, 289, 242, 323]",0.01,0.05,0.01,0.8,0.04,0.05
0.05,"[492, 292, 245, 323]",0.01,0.0,0.0,0.88,0.05,0.0
0.04,"[496, 288, 244, 323]",0.01,0.01,0.0,0.91,0.03,0.0
0.02,"[494, 291, 251, 321]",0.0,0.0,0.0,0.95,0.03,0.0
0.03,"[502, 296, 239, 305]",0.0,0.0,0.0,0.91,0.05,0.0
0.05,"[510, 298, 241, 310]",0.0,0.01,0.01,0.89,0.04,0.0
0.01,"[508, 302, 244, 312]",0.0,0.0,0.01,0.96,0.02,0.0
0.05,"[500, 303, 249, 321]",0.0,0.0,0.0,0.88,0.06,0.0
0.01,"[501, 296, 251, 325]",0.0,0.0,0.0,0.97,0.01,0.0
0.02,"[502, 297, 249, 328]",0.0,0.0,0.0,0.94,0.03,0.0
0.05,"[500, 298, 249, 330]",0.01,0.01,0.0,0.83,0.09,0.0
0.08,"[496, 300, 251, 333]",0.05,0.01,0.0,0.8,0.06,0.0
0.04,"[497, 299, 249, 335]",0.01,0.01,0.0,0.9,0.03,0.0
0.14,"[493, 291, 258, 346]",0.01,0.02,0.0,0.72,0.1,0.01
0.19,"[489, 291, 263, 348]",0.0,0.05,0.0,0.67,0.07,0.02
0.04,"[491, 305, 249, 328]",0.0,0.01,0.0,0.9,0.06,0.0
0.03,"[491, 304, 252, 328]",0.01,0.01,0.0,0.89,0.06,0.0
0.03,"[490, 305, 254, 331]",0.01,0.0,0.0,0.89,0.07,0.0
0.01,"[489, 306, 253, 329]",0.0,0.0,0.0,0.96,0.03,0.0
0.02,"[490, 311, 248, 321]",0.0,0.0,0.0,0.92,0.06,0.0
0.01,"[492, 296, 251, 332]",0.0,0.0,0.0,0.98,0.01,0.0
0.02,"[497, 296, 252, 337]",0.0,0.01,0.0,0.94,0.03,0.0
0.05,"[501, 296, 252, 337]",0.0,0.05,0.0,0.83,0.06,0.02
0.15,"[500, 296, 256, 339]",0.01,0.14,0.02,0.53,0.06,0.1
0.04,"[506, 297, 251, 331]",0.0,0.01,0.0,0.9,0.04,0.0
0.03,"[505, 299, 249, 328]",0.01,0.0,0.0,0.93,0.03,0.0
0.03,"[502, 300, 251, 330]",0.0,0.0,0.0,0.94,0.03,0.0
0.03,"[500, 304, 249, 324]",0.0,0.01,0.0,0.91,0.05,0.0
0.03,"[509, 293, 252, 331]",0.0,0.01,0.0,0.91,0.04,0.0
0.04,"[513, 302, 258, 334]",0.0,0.0,0.0,0.87,0.08,0.0
0.04,"[502, 293, 249, 327]",0.02,0.01,0.0,0.83,0.1,0.0
0.02,"[500, 300, 250, 322]",0.0,0.01,0.0,0.87,0.09,0.0
0.04,"[485, 298, 254, 334]",0.0,0.0,0.0,0.88,0.08,0.0
0.05,"[479, 287, 262, 350]",0.0,0.0,0.0,0.9,0.04,0.0
0.03,"[478, 296, 257, 337]",0.0,0.0,0.0,0.85,0.11,0.0
0.06,"[485, 294, 253, 337]",0.0,0.0,0.0,0.87,0.06,0.0
0.02,"[492, 296, 254, 332]",0.0,0.0,0.0,0.92,0.05,0.0
0.03,"[494, 286, 261, 344]",0.0,0.0,0.0,0.93,0.03,0.0
0.01,"[502, 301, 253, 330]",0.0,0.0,0.0,0.98,0.02,0.0
0.06,"[490, 290, 262, 349]",0.0,0.01,0.0,0.86,0.07,0.0
0.02,"[465, 304, 266, 341]",0.0,0.0,0.0,0.92,0.05,0.0
0.06,"[452, 316, 255, 315]",0.0,0.01,0.0,0.82,0.1,0.0
0.2,"[447, 315, 263, 331]",0.0,0.01,0.01,0.67,0.09,0.0
0.08,"[463, 324, 248, 302]",0.0,0.02,0.0,0.78,0.12,0.0
0.09,"[480, 309, 259, 328]",0.0,0.0,0.01,0.88,0.01,0.0
0.07,"[476, 313, 258, 319]",0.0,0.06,0.0,0.82,0.03,0.03
0.01,"[486, 322, 249, 305]",0.0,0.0,0.0,0.94,0.04,0.0
0.08,"[484, 316, 256, 328]",0.0,0.0,0.0,0.85,0.05,0.0
0.04,"[477, 311, 254, 328]",0.0,0.01,0.0,0.83,0.1,0.01
0.13,"[472, 311, 251, 326]",0.0,0.01,0.01,0.65,0.08,0.11
0.07,"[475, 315, 247, 316]",0.0,0.02,0.0,0.68,0.1,0.12
0.03,"[476, 321, 244, 310]",0.01,0.01,0.01,0.68,0.25,0.0
0.12,"[473, 305, 247, 319]",0.0,0.01,0.01,0.78,0.05,0.02
0.2,"[475, 314, 249, 320]",0.01,0.02,0.0,0.63,0.13,0.01
0.04,"[474, 323, 247, 313]",0.0,0.0,0.0,0.91,0.04,0.0
0.02,"[476, 317, 248, 315]",0.0,0.0,0.0,0.92,0.05,0.0
0.04,"[468, 313, 251, 329]",0.0,0.01,0.0,0.88,0.06,0.0
0.08,"[466, 313, 252, 332]",0.01,0.01,0.0,0.79,0.09,0.01
0.07,"[465, 314, 252, 336]",0.0,0.01,0.0,0.85,0.06,0.0
0.07,"[470, 310, 253, 333]",0.0,0.01,0.01,0.85,0.05,0.01
0.04,"[477, 317, 250, 331]",0.0,0.0,0.0,0.9,0.05,0.0
0.02,"[476, 318, 248, 323]",0.0,0.0,0.0,0.95,0.03,0.0
0.06,"[481, 314, 255, 338]",0.0,0.01,0.0,0.84,0.08,0.0
0.08,"[489, 317, 252, 333]",0.01,0.0,0.0,0.84,0.05,0.0
0.04,"[500, 311, 260, 341]",0.0,0.0,0.02,0.84,0.09,0.0
0.03,"[505, 320, 255, 329]",0.01,0.02,0.0,0.68,0.26,0.0
0.07,"[504, 314, 265, 344]",0.01,0.0,0.01,0.78,0.13,0.0
0.07,"[514, 318, 255, 330]",0.02,0.01,0.0,0.62,0.28,0.0
0.06,"[513, 312, 253, 326]",0.01,0.0,0.02,0.85,0.07,0.0
0.03,"[516, 317, 248, 318]",0.03,0.01,0.02,0.73,0.18,0.0
0.04,"[516, 322, 249, 314]",0.0,0.02,0.01,0.66,0.27,0.0
0.08,"[504, 319, 258, 333]",0.0,0.02,0.03,0.79,0.07,0.01
0.05,"[503, 320, 256, 333]",0.0,0.02,0.0,0.81,0.1,0.0
0.03,"[502, 320, 258, 335]",0.0,0.01,0.0,0.91,0.05,0.0
0.03,"[501, 316, 262, 341]",0.0,0.0,0.0,0.9,0.06,0.0
0.07,"[500, 313, 255, 331]",0.01,0.01,0.0,0.81,0.1,0.0
0.04,"[494, 308, 258, 339]",0.01,0.0,0.01,0.91,0.03,0.0
0.02,"[486, 305, 254, 340]",0.0,0.0,0.0,0.95,0.02,0.0
0.02,"[480, 311, 253, 329]",0.0,0.0,0.0,0.94,0.03,0.0
0.04,"[478, 313, 251, 333]",0.0,0.0,0.0,0.87,0.08,0.0
0.03,"[478, 312, 250, 331]",0.0,0.01,0.0,0.8,0.16,0.0
0.03,"[478, 314, 248, 322]",0.0,0.0,0.0,0.89,0.08,0.0
0.03,"[481, 312, 251, 331]",0.0,0.0,0.0,0.92,0.05,0.0
0.02,"[484, 308, 270, 352]",0.0,0.0,0.0,0.95,0.03,0.0
0.02,"[484, 316, 256, 340]",0.0,0.0,0.0,0.94,0.03,0.0
0.01,"[492, 305, 268, 352]",0.0,0.0,0.0,0.97,0.01,0.0
0.06,"[493, 306, 263, 347]",0.0,0.0,0.0,0.9,0.04,0.0
0.02,"[496, 314, 252, 333]",0.0,0.0,0.0,0.9,0.07,0.0
0.02,"[497, 317, 250, 331]",0.0,0.0,0.0,0.94,0.04,0.0
0.01,"[489, 309, 259, 343]",0.0,0.0,0.0,0.94,0.04,0.0
0.02,"[484, 310, 261, 344]",0.0,0.0,0.0,0.95,0.03,0.0
0.02,"[477, 314, 264, 343]",0.0,0.0,0.0,0.87,0.11,0.0
0.02,"[481, 317, 257, 334]",0.0,0.0,0.0,0.92,0.05,0.0
0.02,"[481, 311, 255, 338]",0.0,0.0,0.0,0.92,0.05,0.0
0.02,"[481, 319, 258, 329]",0.0,0.0,0.0,0.95,0.03,0.0
0.02,"[479, 318, 258, 332]",0.0,0.0,0.0,0.96,0.01,0.0
0.02,"[473, 316, 262, 335]",0.0,0.0,0.0,0.94,0.03,0.0
0.05,"[480, 319, 259, 332]",0.0,0.0,0.0,0.93,0.01,0.0
0.01,"[479, 311, 264, 342]",0.0,0.0,0.0,0.97,0.01,0.0
0.02,"[481, 318, 257, 333]",0.0,0.0,0.01,0.96,0.01,0.0
0.04,"[479, 318, 259, 333]",0.0,0.0,0.0,0.95,0.01,0.0
0.05,"[479, 318, 258, 334]",0.0,0.0,0.0,0.94,0.01,0.0
0.02,"[480, 321, 254, 326]",0.0,0.0,0.0,0.95,0.02,0.0
0.01,"[472, 317, 255, 326]",0.0,0.0,0.0,0.96,0.02,0.0
0.03,"[470, 318, 258, 329]",0.0,0.0,0.0,0.95,0.02,0.0
0.01,"[468, 319, 257, 327]",0.0,0.0,0.0,0.96,0.03,0.0
0.04,"[471, 315, 257, 332]",0.0,0.0,0.0,0.92,0.04,0.0
0.02,"[469, 316, 262, 337]",0.0,0.0,0.0,0.97,0.01,0.0
0.01,"[471, 321, 261, 332]",0.0,0.0,0.0,0.98,0.01,0.0
0.01,"[466, 326, 260, 326]",0.0,0.0,0.0,0.98,0.01,0.0
0.06,"[465, 307, 268, 355]",0.0,0.0,0.0,0.91,0.02,0.0
0.11,"[463, 303, 273, 364]",0.0,0.02,0.0,0.82,0.03,0.01
0.03,"[470, 307, 262, 345]",0.0,0.01,0.0,0.92,0.02,0.02
0.08,"[475, 309, 255, 332]",0.0,0.0,0.0,0.86,0.05,0.0
0.01,"[473, 321, 249, 314]",0.0,0.0,0.0,0.9,0.09,0.0
0.02,"[484, 309, 254, 334]",0.0,0.0,0.01,0.96,0.02,0.0
0.05,"[482, 318, 258, 332]",0.0,0.0,0.0,0.76,0.18,0.0
0.07,"[489, 316, 249, 325]",0.0,0.0,0.0,0.83,0.09,0.0
0.04,"[496, 320, 243, 318]",0.0,0.0,0.0,0.88,0.08,0.0
0.05,"[494, 319, 244, 319]",0.01,0.01,0.0,0.75,0.18,0.0
0.02,"[489, 313, 249, 324]",0.0,0.0,0.0,0.94,0.04,0.0
0.03,"[483, 309, 246, 324]",0.0,0.0,0.0,0.95,0.02,0.0
0.02,"[475, 327, 249, 304]",0.0,0.0,0.0,0.96,0.02,0.0
0.02,"[480, 309, 248, 325]",0.0,0.0,0.0,0.96,0.02,0.0
0.03,"[486, 306, 251, 331]",0.0,0.0,0.0,0.93,0.04,0.0
0.04,"[491, 309, 246, 324]",0.0,0.01,0.0,0.88,0.06,0.0
0.05,"[497, 310, 247, 325]",0.0,0.01,0.0,0.85,0.09,0.0
0.05,"[499, 302, 258, 336]",0.0,0.0,0.0,0.9,0.05,0.0
0.03,"[499, 310, 249, 325]",0.0,0.01,0.0,0.8,0.15,0.0
0.03,"[485, 311, 249, 327]",0.0,0.0,0.0,0.95,0.02,0.0
0.02,"[482, 309, 258, 331]",0.0,0.0,0.0,0.95,0.02,0.0
0.02,"[483, 304, 256, 337]",0.0,0.0,0.0,0.96,0.02,0.0
0.02,"[489, 310, 250, 327]",0.0,0.0,0.0,0.94,0.03,0.0
0.05,"[487, 297, 261, 344]",0.01,0.0,0.0,0.87,0.07,0.0
0.02,"[492, 312, 246, 319]",0.0,0.0,0.0,0.9,0.08,0.0
0.03,"[490, 311, 246, 319]",0.0,0.0,0.0,0.89,0.08,0.0
0.04,"[491, 310, 246, 326]",0.0,0.0,0.0,0.83,0.12,0.0
0.03,"[490, 310, 248, 324]",0.01,0.0,0.0,0.9,0.06,0.0
0.01,"[485, 304, 254, 329]",0.0,0.0,0.0,0.98,0.01,0.0
0.04,"[477, 302, 258, 344]",0.0,0.0,0.0,0.89,0.06,0.0
0.01,"[476, 315, 251, 325]",0.0,0.01,0.0,0.62,0.36,0.0
0.02,"[476, 315, 256, 331]",0.0,0.0,0.0,0.94,0.04,0.0
0.03,"[473, 315, 263, 338]",0.0,0.0,0.0,0.95,0.02,0.0
0.01,"[473, 314, 265, 341]",0.0,0.0,0.0,0.97,0.02,0.0
0.01,"[470, 315, 265, 339]",0.0,0.0,0.0,0.96,0.02,0.0
0.04,"[468, 306, 267, 353]",0.0,0.0,0.0,0.91,0.04,0.0
0.01,"[463, 313, 269, 345]",0.0,0.0,0.0,0.81,0.16,0.0
0.04,"[467, 312, 267, 346]",0.0,0.0,0.0,0.93,0.02,0.0
0.06,"[466, 308, 268, 353]",0.0,0.0,0.0,0.9,0.03,0.0
0.02,"[466, 318, 262, 330]",0.0,0.0,0.0,0.93,0.04,0.0
0.04,"[464, 318, 261, 331]",0.0,0.0,0.0,0.89,0.07,0.0
0.03,"[463, 309, 268, 345]",0.0,0.0,0.0,0.94,0.03,0.0
0.04,"[466, 308, 267, 350]",0.0,0.0,0.0,0.92,0.03,0.0
0.02,"[479, 315, 259, 335]",0.0,0.01,0.01,0.53,0.44,0.0
0.02,"[481, 315, 259, 332]",0.0,0.0,0.0,0.94,0.03,0.0
0.03,"[480, 307, 266, 345]",0.0,0.0,0.0,0.93,0.03,0.0
0.01,"[492, 317, 243, 317]",0.0,0.0,0.0,0.97,0.02,0.0
0.05,"[490, 306, 253, 325]",0.0,0.05,0.01,0.81,0.03,0.04
0.0,"[485, 315, 256, 321]",0.0,0.0,0.0,0.96,0.03,0.0
0.1,"[470, 319, 262, 332]",0.0,0.01,0.01,0.82,0.06,0.0
0.03,"[467, 312, 265, 341]",0.0,0.0,0.0,0.92,0.05,0.0
0.03,"[467, 316, 263, 335]",0.0,0.0,0.01,0.94,0.02,0.0
0.01,"[472, 320, 255, 312]",0.0,0.0,0.0,0.95,0.04,0.0
0.01,"[482, 327, 250, 314]",0.01,0.01,0.0,0.52,0.45,0.0
0.02,"[485, 317, 257, 330]",0.0,0.0,0.0,0.94,0.04,0.0
0.02,"[487, 314, 254, 331]",0.0,0.0,0.0,0.94,0.04,0.0
0.03,"[486, 311, 259, 339]",0.0,0.0,0.0,0.91,0.05,0.0
0.02,"[488, 310, 257, 335]",0.0,0.0,0.0,0.91,0.06,0.0
0.02,"[484, 307, 261, 340]",0.0,0.0,0.0,0.94,0.03,0.0
0.02,"[504, 305, 244, 314]",0.01,0.0,0.0,0.93,0.04,0.0
0.03,"[510, 305, 238, 308]",0.01,0.0,0.0,0.9,0.06,0.0
0.04,"[510, 302, 243, 315]",0.0,0.0,0.0,0.91,0.05,0.0
0.02,"[516, 308, 242, 309]",0.01,0.01,0.0,0.82,0.14,0.0
0.03,"[518, 308, 247, 318]",0.01,0.01,0.0,0.82,0.13,0.0
0.01,"[536, 306, 246, 322]",0.0,0.0,0.0,0.92,0.06,0.0
0.06,"[562, 313, 250, 326]",0.01,0.02,0.0,0.79,0.12,0.0
0.05,"[580, 308, 254, 331]",0.01,0.01,0.0,0.78,0.14,0.0
0.07,"[591, 307, 256, 334]",0.01,0.02,0.0,0.7,0.2,0.0
0.03,"[585, 307, 258, 329]",0.01,0.01,0.0,0.85,0.1,0.0
0.07,"[547, 301, 260, 346]",0.0,0.01,0.01,0.85,0.06,0.0
0.05,"[506, 293, 260, 343]",0.0,0.0,0.0,0.9,0.04,0.0
0.04,"[504, 297, 260, 346]",0.0,0.0,0.0,0.87,0.08,0.0
0.01,"[506, 303, 258, 337]",0.0,0.0,0.0,0.96,0.02,0.0
0.01,"[514, 304, 263, 339]",0.0,0.0,0.0,0.98,0.01,0.0
0.01,"[515, 303, 264, 344]",0.0,0.0,0.0,0.96,0.02,0.0
0.03,"[513, 303, 266, 345]",0.0,0.0,0.0,0.93,0.04,0.0
0.02,"[514, 307, 262, 340]",0.0,0.0,0.0,0.94,0.04,0.0
0.02,"[513, 308, 263, 340]",0.0,0.0,0.0,0.94,0.04,0.0
0.03,"[512, 308, 264, 341]",0.0,0.0,0.0,0.93,0.04,0.0
0.01,"[513, 312, 263, 339]",0.0,0.0,0.0,0.95,0.04,0.0
0.04,"[510, 309, 264, 341]",0.0,0.01,0.0,0.82,0.13,0.0
